Workbook

Sheet Satışlar
A1: 2024 Satış Raporu — İĞÜŞÖÇ
A2: Ürün | B2: Şehir | C2: Adet | D2: Fiyat | E2: Tarih | F2: Tutar | G2: KDV | H2: Durum | J2: Döndürülmüş ve kaydırılmış uzun başlık metni
A3: Çay | B3: İstanbul | C3: 1 | D3: 5 | E3: =DATE(2024,1,1) -> 45292 | F3: =C3*D3 -> 5 | G3: =ROUND(F3*0.2,2) -> 1 | H3: =IF(F3>500,"Yüksek",IF(F3>100,"Orta","Düşük")) -> Düşük
A4: Şeker | B4: Ankara | C4: 8 | D4: 7.75 | E4: =DATE(2024,2,2) -> 45324 | F4: =C4*D4 -> 62 | G4: =ROUND(F4*0.2,2) -> 12.4 | H4: =IF(F4>500,"Yüksek",IF(F4>100,"Orta","Düşük")) -> Düşük
A5: Ğofret | B5: İzmir | C5: 15 | D5: 10.5 | E5: =DATE(2024,3,3) -> 45354 | F5: =C5*D5 -> 157.5 | G5: =ROUND(F5*0.2,2) -> 31.5 | H5: =IF(F5>500,"Yüksek",IF(F5>100,"Orta","Düşük")) -> Orta
A6: Kahve | B6: Bursa | C6: 22 | D6: 13.25 | E6: =DATE(2024,4,4) -> 45386 | F6: =C6*D6 -> 291.5 | G6: =ROUND(F6*0.2,2) -> 58.3 | H6: =IF(F6>500,"Yüksek",IF(F6>100,"Orta","Düşük")) -> Orta
A7: Süt | B7: Çanakkale | C7: 29 | D7: 16 | E7: =DATE(2024,5,5) -> 45417 | F7: =C7*D7 -> 464 | G7: =ROUND(F7*0.2,2) -> 92.8 | H7: =IF(F7>500,"Yüksek",IF(F7>100,"Orta","Düşük")) -> Orta
A8: Peynir | B8: İstanbul | C8: 36 | D8: 18.75 | E8: =DATE(2024,6,6) -> 45449 | F8: =C8*D8 -> 675 | G8: =ROUND(F8*0.2,2) -> 135 | H8: =IF(F8>500,"Yüksek",IF(F8>100,"Orta","Düşük")) -> Yüksek
A9: Zeytin | B9: Ankara | C9: 43 | D9: 21.5 | E9: =DATE(2024,7,7) -> 45480 | F9: =C9*D9 -> 924.5 | G9: =ROUND(F9*0.2,2) -> 184.9 | H9: =IF(F9>500,"Yüksek",IF(F9>100,"Orta","Düşük")) -> Yüksek
A10: Ekmek | B10: İzmir | C10: 50 | D10: 24.25 | E10: =DATE(2024,8,8) -> 45512 | F10: =C10*D10 -> 1212.5 | G10: =ROUND(F10*0.2,2) -> 242.5 | H10: =IF(F10>500,"Yüksek",IF(F10>100,"Orta","Düşük")) -> Yüksek
A11: Bal | B11: Bursa | C11: 7 | D11: 27 | E11: =DATE(2024,9,9) -> 45544 | F11: =C11*D11 -> 189 | G11: =ROUND(F11*0.2,2) -> 37.8 | H11: =IF(F11>500,"Yüksek",IF(F11>100,"Orta","Düşük")) -> Orta
A12: Un | B12: Çanakkale | C12: 14 | D12: 29.75 | E12: =DATE(2024,10,10) -> 45575 | F12: =C12*D12 -> 416.5 | G12: =ROUND(F12*0.2,2) -> 83.3 | H12: =IF(F12>500,"Yüksek",IF(F12>100,"Orta","Düşük")) -> Orta
A13: Çay | B13: İstanbul | C13: 21 | D13: 32.5 | E13: =DATE(2024,11,11) -> 45607 | F13: =C13*D13 -> 682.5 | G13: =ROUND(F13*0.2,2) -> 136.5 | H13: =IF(F13>500,"Yüksek",IF(F13>100,"Orta","Düşük")) -> Yüksek
A14: Şeker | B14: Ankara | C14: 28 | D14: 35.25 | E14: =DATE(2024,12,12) -> 45638 | F14: =C14*D14 -> 987 | G14: =ROUND(F14*0.2,2) -> 197.4 | H14: =IF(F14>500,"Yüksek",IF(F14>100,"Orta","Düşük")) -> Yüksek
A15: Ğofret | B15: İzmir | C15: 35 | D15: 38 | E15: =DATE(2024,1,13) -> 45304 | F15: =C15*D15 -> 1330 | G15: =ROUND(F15*0.2,2) -> 266 | H15: =IF(F15>500,"Yüksek",IF(F15>100,"Orta","Düşük")) -> Yüksek
A16: Kahve | B16: Bursa | C16: 42 | D16: 5 | E16: =DATE(2024,2,14) -> 45336 | F16: =C16*D16 -> 210 | G16: =ROUND(F16*0.2,2) -> 42 | H16: =IF(F16>500,"Yüksek",IF(F16>100,"Orta","Düşük")) -> Orta
A17: Süt | B17: Çanakkale | C17: 49 | D17: 7.75 | E17: =DATE(2024,3,15) -> 45366 | F17: =C17*D17 -> 379.75 | G17: =ROUND(F17*0.2,2) -> 75.95 | H17: =IF(F17>500,"Yüksek",IF(F17>100,"Orta","Düşük")) -> Orta
A18: Peynir | B18: İstanbul | C18: 6 | D18: 10.5 | E18: =DATE(2024,4,16) -> 45398 | F18: =C18*D18 -> 63 | G18: =ROUND(F18*0.2,2) -> 12.6 | H18: =IF(F18>500,"Yüksek",IF(F18>100,"Orta","Düşük")) -> Düşük
A19: Zeytin | B19: Ankara | C19: 13 | D19: 13.25 | E19: =DATE(2024,5,17) -> 45429 | F19: =C19*D19 -> 172.25 | G19: =ROUND(F19*0.2,2) -> 34.45 | H19: =IF(F19>500,"Yüksek",IF(F19>100,"Orta","Düşük")) -> Orta
A20: Ekmek | B20: İzmir | C20: 20 | D20: 16 | E20: =DATE(2024,6,18) -> 45461 | F20: =C20*D20 -> 320 | G20: =ROUND(F20*0.2,2) -> 64 | H20: =IF(F20>500,"Yüksek",IF(F20>100,"Orta","Düşük")) -> Orta
A21: Bal | B21: Bursa | C21: 27 | D21: 18.75 | E21: =DATE(2024,7,19) -> 45492 | F21: =C21*D21 -> 506.25 | G21: =ROUND(F21*0.2,2) -> 101.25 | H21: =IF(F21>500,"Yüksek",IF(F21>100,"Orta","Düşük")) -> Yüksek
A22: Un | B22: Çanakkale | C22: 34 | D22: 21.5 | E22: =DATE(2024,8,20) -> 45524 | F22: =C22*D22 -> 731 | G22: =ROUND(F22*0.2,2) -> 146.2 | H22: =IF(F22>500,"Yüksek",IF(F22>100,"Orta","Düşük")) -> Yüksek
A23: Çay | B23: İstanbul | C23: 41 | D23: 24.25 | E23: =DATE(2024,9,21) -> 45556 | F23: =C23*D23 -> 994.25 | G23: =ROUND(F23*0.2,2) -> 198.85 | H23: =IF(F23>500,"Yüksek",IF(F23>100,"Orta","Düşük")) -> Yüksek
A24: Şeker | B24: Ankara | C24: 48 | D24: 27 | E24: =DATE(2024,10,22) -> 45587 | F24: =C24*D24 -> 1296 | G24: =ROUND(F24*0.2,2) -> 259.2 | H24: =IF(F24>500,"Yüksek",IF(F24>100,"Orta","Düşük")) -> Yüksek
A25: Ğofret | B25: İzmir | C25: 5 | D25: 29.75 | E25: =DATE(2024,11,23) -> 45619 | F25: =C25*D25 -> 148.75 | G25: =ROUND(F25*0.2,2) -> 29.75 | H25: =IF(F25>500,"Yüksek",IF(F25>100,"Orta","Düşük")) -> Orta
A26: Kahve | B26: Bursa | C26: 12 | D26: 32.5 | E26: =DATE(2024,12,24) -> 45650 | F26: =C26*D26 -> 390 | G26: =ROUND(F26*0.2,2) -> 78 | H26: =IF(F26>500,"Yüksek",IF(F26>100,"Orta","Düşük")) -> Orta
A27: Süt | B27: Çanakkale | C27: 19 | D27: 35.25 | E27: =DATE(2024,1,25) -> 45316 | F27: =C27*D27 -> 669.75 | G27: =ROUND(F27*0.2,2) -> 133.95 | H27: =IF(F27>500,"Yüksek",IF(F27>100,"Orta","Düşük")) -> Yüksek
A28: Peynir | B28: İstanbul | C28: 26 | D28: 38 | E28: =DATE(2024,2,26) -> 45348 | F28: =C28*D28 -> 988 | G28: =ROUND(F28*0.2,2) -> 197.6 | H28: =IF(F28>500,"Yüksek",IF(F28>100,"Orta","Düşük")) -> Yüksek
A29: Zeytin | B29: Ankara | C29: 33 | D29: 5 | E29: =DATE(2024,3,27) -> 45378 | F29: =C29*D29 -> 165 | G29: =ROUND(F29*0.2,2) -> 33 | H29: =IF(F29>500,"Yüksek",IF(F29>100,"Orta","Düşük")) -> Orta
A30: Ekmek | B30: İzmir | C30: 40 | D30: 7.75 | E30: =DATE(2024,4,28) -> 45410 | F30: =C30*D30 -> 310 | G30: =ROUND(F30*0.2,2) -> 62 | H30: =IF(F30>500,"Yüksek",IF(F30>100,"Orta","Düşük")) -> Orta
A31: Bal | B31: Bursa | C31: 47 | D31: 10.5 | E31: =DATE(2024,5,1) -> 45413 | F31: =C31*D31 -> 493.5 | G31: =ROUND(F31*0.2,2) -> 98.7 | H31: =IF(F31>500,"Yüksek",IF(F31>100,"Orta","Düşük")) -> Orta
A32: Un | B32: Çanakkale | C32: 4 | D32: 13.25 | E32: =DATE(2024,6,2) -> 45445 | F32: =C32*D32 -> 53 | G32: =ROUND(F32*0.2,2) -> 10.6 | H32: =IF(F32>500,"Yüksek",IF(F32>100,"Orta","Düşük")) -> Düşük
A33: Çay | B33: İstanbul | C33: 11 | D33: 16 | E33: =DATE(2024,7,3) -> 45476 | F33: =C33*D33 -> 176 | G33: =ROUND(F33*0.2,2) -> 35.2 | H33: =IF(F33>500,"Yüksek",IF(F33>100,"Orta","Düşük")) -> Orta
A34: Şeker | B34: Ankara | C34: 18 | D34: 18.75 | E34: =DATE(2024,8,4) -> 45508 | F34: =C34*D34 -> 337.5 | G34: =ROUND(F34*0.2,2) -> 67.5 | H34: =IF(F34>500,"Yüksek",IF(F34>100,"Orta","Düşük")) -> Orta
A35: Ğofret | B35: İzmir | C35: 25 | D35: 21.5 | E35: =DATE(2024,9,5) -> 45540 | F35: =C35*D35 -> 537.5 | G35: =ROUND(F35*0.2,2) -> 107.5 | H35: =IF(F35>500,"Yüksek",IF(F35>100,"Orta","Düşük")) -> Yüksek
A36: Kahve | B36: Bursa | C36: 32 | D36: 24.25 | E36: =DATE(2024,10,6) -> 45571 | F36: =C36*D36 -> 776 | G36: =ROUND(F36*0.2,2) -> 155.2 | H36: =IF(F36>500,"Yüksek",IF(F36>100,"Orta","Düşük")) -> Yüksek
A37: Süt | B37: Çanakkale | C37: 39 | D37: 27 | E37: =DATE(2024,11,7) -> 45603 | F37: =C37*D37 -> 1053 | G37: =ROUND(F37*0.2,2) -> 210.6 | H37: =IF(F37>500,"Yüksek",IF(F37>100,"Orta","Düşük")) -> Yüksek
A38: Peynir | B38: İstanbul | C38: 46 | D38: 29.75 | E38: =DATE(2024,12,8) -> 45634 | F38: =C38*D38 -> 1368.5 | G38: =ROUND(F38*0.2,2) -> 273.7 | H38: =IF(F38>500,"Yüksek",IF(F38>100,"Orta","Düşük")) -> Yüksek
A39: Zeytin | B39: Ankara | C39: 3 | D39: 32.5 | E39: =DATE(2024,1,9) -> 45300 | F39: =C39*D39 -> 97.5 | G39: =ROUND(F39*0.2,2) -> 19.5 | H39: =IF(F39>500,"Yüksek",IF(F39>100,"Orta","Düşük")) -> Düşük
A40: Ekmek | B40: İzmir | C40: 10 | D40: 35.25 | E40: =DATE(2024,2,10) -> 45332 | F40: =C40*D40 -> 352.5 | G40: =ROUND(F40*0.2,2) -> 70.5 | H40: =IF(F40>500,"Yüksek",IF(F40>100,"Orta","Düşük")) -> Orta
A41: Bal | B41: Bursa | C41: 17 | D41: 38 | E41: =DATE(2024,3,11) -> 45362 | F41: =C41*D41 -> 646 | G41: =ROUND(F41*0.2,2) -> 129.2 | H41: =IF(F41>500,"Yüksek",IF(F41>100,"Orta","Düşük")) -> Yüksek
A42: Un | B42: Çanakkale | C42: 24 | D42: 5 | E42: =DATE(2024,4,12) -> 45394 | F42: =C42*D42 -> 120 | G42: =ROUND(F42*0.2,2) -> 24 | H42: =IF(F42>500,"Yüksek",IF(F42>100,"Orta","Düşük")) -> Orta
A43: Çay | B43: İstanbul | C43: 31 | D43: 7.75 | E43: =DATE(2024,5,13) -> 45425 | F43: =C43*D43 -> 240.25 | G43: =ROUND(F43*0.2,2) -> 48.05 | H43: =IF(F43>500,"Yüksek",IF(F43>100,"Orta","Düşük")) -> Orta
A44: Şeker | B44: Ankara | C44: 38 | D44: 10.5 | E44: =DATE(2024,6,14) -> 45457 | F44: =C44*D44 -> 399 | G44: =ROUND(F44*0.2,2) -> 79.8 | H44: =IF(F44>500,"Yüksek",IF(F44>100,"Orta","Düşük")) -> Orta
A45: Ğofret | B45: İzmir | C45: 45 | D45: 13.25 | E45: =DATE(2024,7,15) -> 45488 | F45: =C45*D45 -> 596.25 | G45: =ROUND(F45*0.2,2) -> 119.25 | H45: =IF(F45>500,"Yüksek",IF(F45>100,"Orta","Düşük")) -> Yüksek
A46: Kahve | B46: Bursa | C46: 2 | D46: 16 | E46: =DATE(2024,8,16) -> 45520 | F46: =C46*D46 -> 32 | G46: =ROUND(F46*0.2,2) -> 6.4 | H46: =IF(F46>500,"Yüksek",IF(F46>100,"Orta","Düşük")) -> Düşük
A47: Süt | B47: Çanakkale | C47: 9 | D47: 18.75 | E47: =DATE(2024,9,17) -> 45552 | F47: =C47*D47 -> 168.75 | G47: =ROUND(F47*0.2,2) -> 33.75 | H47: =IF(F47>500,"Yüksek",IF(F47>100,"Orta","Düşük")) -> Orta
A48: Peynir | B48: İstanbul | C48: 16 | D48: 21.5 | E48: =DATE(2024,10,18) -> 45583 | F48: =C48*D48 -> 344 | G48: =ROUND(F48*0.2,2) -> 68.8 | H48: =IF(F48>500,"Yüksek",IF(F48>100,"Orta","Düşük")) -> Orta
A49: Zeytin | B49: Ankara | C49: 23 | D49: 24.25 | E49: =DATE(2024,11,19) -> 45615 | F49: =C49*D49 -> 557.75 | G49: =ROUND(F49*0.2,2) -> 111.55 | H49: =IF(F49>500,"Yüksek",IF(F49>100,"Orta","Düşük")) -> Yüksek
A50: Ekmek | B50: İzmir | C50: 30 | D50: 27 | E50: =DATE(2024,12,20) -> 45646 | F50: =C50*D50 -> 810 | G50: =ROUND(F50*0.2,2) -> 162 | H50: =IF(F50>500,"Yüksek",IF(F50>100,"Orta","Düşük")) -> Yüksek
A51: Bal | B51: Bursa | C51: 37 | D51: 29.75 | E51: =DATE(2024,1,21) -> 45312 | F51: =C51*D51 -> 1100.75 | G51: =ROUND(F51*0.2,2) -> 220.15 | H51: =IF(F51>500,"Yüksek",IF(F51>100,"Orta","Düşük")) -> Yüksek
A52: Un | B52: Çanakkale | C52: 44 | D52: 32.5 | E52: =DATE(2024,2,22) -> 45344 | F52: =C52*D52 -> 1430 | G52: =ROUND(F52*0.2,2) -> 286 | H52: =IF(F52>500,"Yüksek",IF(F52>100,"Orta","Düşük")) -> Yüksek
A53: Çay | B53: İstanbul | C53: 1 | D53: 35.25 | E53: =DATE(2024,3,23) -> 45374 | F53: =C53*D53 -> 35.25 | G53: =ROUND(F53*0.2,2) -> 7.05 | H53: =IF(F53>500,"Yüksek",IF(F53>100,"Orta","Düşük")) -> Düşük
A54: Şeker | B54: Ankara | C54: 8 | D54: 38 | E54: =DATE(2024,4,24) -> 45406 | F54: =C54*D54 -> 304 | G54: =ROUND(F54*0.2,2) -> 60.8 | H54: =IF(F54>500,"Yüksek",IF(F54>100,"Orta","Düşük")) -> Orta
A55: Ğofret | B55: İzmir | C55: 15 | D55: 5 | E55: =DATE(2024,5,25) -> 45437 | F55: =C55*D55 -> 75 | G55: =ROUND(F55*0.2,2) -> 15 | H55: =IF(F55>500,"Yüksek",IF(F55>100,"Orta","Düşük")) -> Düşük
A56: Kahve | B56: Bursa | C56: 22 | D56: 7.75 | E56: =DATE(2024,6,26) -> 45469 | F56: =C56*D56 -> 170.5 | G56: =ROUND(F56*0.2,2) -> 34.1 | H56: =IF(F56>500,"Yüksek",IF(F56>100,"Orta","Düşük")) -> Orta
A57: Süt | B57: Çanakkale | C57: 29 | D57: 10.5 | E57: =DATE(2024,7,27) -> 45500 | F57: =C57*D57 -> 304.5 | G57: =ROUND(F57*0.2,2) -> 60.9 | H57: =IF(F57>500,"Yüksek",IF(F57>100,"Orta","Düşük")) -> Orta
A58: Peynir | B58: İstanbul | C58: 36 | D58: 13.25 | E58: =DATE(2024,8,28) -> 45532 | F58: =C58*D58 -> 477 | G58: =ROUND(F58*0.2,2) -> 95.4 | H58: =IF(F58>500,"Yüksek",IF(F58>100,"Orta","Düşük")) -> Orta
A59: Zeytin | B59: Ankara | C59: 43 | D59: 16 | E59: =DATE(2024,9,1) -> 45536 | F59: =C59*D59 -> 688 | G59: =ROUND(F59*0.2,2) -> 137.6 | H59: =IF(F59>500,"Yüksek",IF(F59>100,"Orta","Düşük")) -> Yüksek
A60: Ekmek | B60: İzmir | C60: 50 | D60: 18.75 | E60: =DATE(2024,10,2) -> 45567 | F60: =C60*D60 -> 937.5 | G60: =ROUND(F60*0.2,2) -> 187.5 | H60: =IF(F60>500,"Yüksek",IF(F60>100,"Orta","Düşük")) -> Yüksek
A61: Bal | B61: Bursa | C61: 7 | D61: 21.5 | E61: =DATE(2024,11,3) -> 45599 | F61: =C61*D61 -> 150.5 | G61: =ROUND(F61*0.2,2) -> 30.1 | H61: =IF(F61>500,"Yüksek",IF(F61>100,"Orta","Düşük")) -> Orta
A62: Un | B62: Çanakkale | C62: 14 | D62: 24.25 | E62: =DATE(2024,12,4) -> 45630 | F62: =C62*D62 -> 339.5 | G62: =ROUND(F62*0.2,2) -> 67.9 | H62: =IF(F62>500,"Yüksek",IF(F62>100,"Orta","Düşük")) -> Orta
A63: Çay | B63: İstanbul | C63: 21 | D63: 27 | E63: =DATE(2024,1,5) -> 45296 | F63: =C63*D63 -> 567 | G63: =ROUND(F63*0.2,2) -> 113.4 | H63: =IF(F63>500,"Yüksek",IF(F63>100,"Orta","Düşük")) -> Yüksek
A64: Şeker | B64: Ankara | C64: 28 | D64: 29.75 | E64: =DATE(2024,2,6) -> 45328 | F64: =C64*D64 -> 833 | G64: =ROUND(F64*0.2,2) -> 166.6 | H64: =IF(F64>500,"Yüksek",IF(F64>100,"Orta","Düşük")) -> Yüksek
A65: Ğofret | B65: İzmir | C65: 35 | D65: 32.5 | E65: =DATE(2024,3,7) -> 45358 | F65: =C65*D65 -> 1137.5 | G65: =ROUND(F65*0.2,2) -> 227.5 | H65: =IF(F65>500,"Yüksek",IF(F65>100,"Orta","Düşük")) -> Yüksek
A66: Kahve | B66: Bursa | C66: 42 | D66: 35.25 | E66: =DATE(2024,4,8) -> 45390 | F66: =C66*D66 -> 1480.5 | G66: =ROUND(F66*0.2,2) -> 296.1 | H66: =IF(F66>500,"Yüksek",IF(F66>100,"Orta","Düşük")) -> Yüksek
A67: Süt | B67: Çanakkale | C67: 49 | D67: 38 | E67: =DATE(2024,5,9) -> 45421 | F67: =C67*D67 -> 1862 | G67: =ROUND(F67*0.2,2) -> 372.4 | H67: =IF(F67>500,"Yüksek",IF(F67>100,"Orta","Düşük")) -> Yüksek
A68: Peynir | B68: İstanbul | C68: 6 | D68: 5 | E68: =DATE(2024,6,10) -> 45453 | F68: =C68*D68 -> 30 | G68: =ROUND(F68*0.2,2) -> 6 | H68: =IF(F68>500,"Yüksek",IF(F68>100,"Orta","Düşük")) -> Düşük
A69: Zeytin | B69: Ankara | C69: 13 | D69: 7.75 | E69: =DATE(2024,7,11) -> 45484 | F69: =C69*D69 -> 100.75 | G69: =ROUND(F69*0.2,2) -> 20.15 | H69: =IF(F69>500,"Yüksek",IF(F69>100,"Orta","Düşük")) -> Orta
A70: Ekmek | B70: İzmir | C70: 20 | D70: 10.5 | E70: =DATE(2024,8,12) -> 45516 | F70: =C70*D70 -> 210 | G70: =ROUND(F70*0.2,2) -> 42 | H70: =IF(F70>500,"Yüksek",IF(F70>100,"Orta","Düşük")) -> Orta
A71: Bal | B71: Bursa | C71: 27 | D71: 13.25 | E71: =DATE(2024,9,13) -> 45548 | F71: =C71*D71 -> 357.75 | G71: =ROUND(F71*0.2,2) -> 71.55 | H71: =IF(F71>500,"Yüksek",IF(F71>100,"Orta","Düşük")) -> Orta
A72: Un | B72: Çanakkale | C72: 34 | D72: 16 | E72: =DATE(2024,10,14) -> 45579 | F72: =C72*D72 -> 544 | G72: =ROUND(F72*0.2,2) -> 108.8 | H72: =IF(F72>500,"Yüksek",IF(F72>100,"Orta","Düşük")) -> Yüksek
A73: Çay | B73: İstanbul | C73: 41 | D73: 18.75 | E73: =DATE(2024,11,15) -> 45611 | F73: =C73*D73 -> 768.75 | G73: =ROUND(F73*0.2,2) -> 153.75 | H73: =IF(F73>500,"Yüksek",IF(F73>100,"Orta","Düşük")) -> Yüksek
A74: Şeker | B74: Ankara | C74: 48 | D74: 21.5 | E74: =DATE(2024,12,16) -> 45642 | F74: =C74*D74 -> 1032 | G74: =ROUND(F74*0.2,2) -> 206.4 | H74: =IF(F74>500,"Yüksek",IF(F74>100,"Orta","Düşük")) -> Yüksek
A75: Ğofret | B75: İzmir | C75: 5 | D75: 24.25 | E75: =DATE(2024,1,17) -> 45308 | F75: =C75*D75 -> 121.25 | G75: =ROUND(F75*0.2,2) -> 24.25 | H75: =IF(F75>500,"Yüksek",IF(F75>100,"Orta","Düşük")) -> Orta
A76: Kahve | B76: Bursa | C76: 12 | D76: 27 | E76: =DATE(2024,2,18) -> 45340 | F76: =C76*D76 -> 324 | G76: =ROUND(F76*0.2,2) -> 64.8 | H76: =IF(F76>500,"Yüksek",IF(F76>100,"Orta","Düşük")) -> Orta
A77: Süt | B77: Çanakkale | C77: 19 | D77: 29.75 | E77: =DATE(2024,3,19) -> 45370 | F77: =C77*D77 -> 565.25 | G77: =ROUND(F77*0.2,2) -> 113.05 | H77: =IF(F77>500,"Yüksek",IF(F77>100,"Orta","Düşük")) -> Yüksek
A78: Peynir | B78: İstanbul | C78: 26 | D78: 32.5 | E78: =DATE(2024,4,20) -> 45402 | F78: =C78*D78 -> 845 | G78: =ROUND(F78*0.2,2) -> 169 | H78: =IF(F78>500,"Yüksek",IF(F78>100,"Orta","Düşük")) -> Yüksek
A79: Zeytin | B79: Ankara | C79: 33 | D79: 35.25 | E79: =DATE(2024,5,21) -> 45433 | F79: =C79*D79 -> 1163.25 | G79: =ROUND(F79*0.2,2) -> 232.65 | H79: =IF(F79>500,"Yüksek",IF(F79>100,"Orta","Düşük")) -> Yüksek
A80: Ekmek | B80: İzmir | C80: 40 | D80: 38 | E80: =DATE(2024,6,22) -> 45465 | F80: =C80*D80 -> 1520 | G80: =ROUND(F80*0.2,2) -> 304 | H80: =IF(F80>500,"Yüksek",IF(F80>100,"Orta","Düşük")) -> Yüksek
A81: Bal | B81: Bursa | C81: 47 | D81: 5 | E81: =DATE(2024,7,23) -> 45496 | F81: =C81*D81 -> 235 | G81: =ROUND(F81*0.2,2) -> 47 | H81: =IF(F81>500,"Yüksek",IF(F81>100,"Orta","Düşük")) -> Orta
A82: Un | B82: Çanakkale | C82: 4 | D82: 7.75 | E82: =DATE(2024,8,24) -> 45528 | F82: =C82*D82 -> 31 | G82: =ROUND(F82*0.2,2) -> 6.2 | H82: =IF(F82>500,"Yüksek",IF(F82>100,"Orta","Düşük")) -> Düşük
A83: Çay | B83: İstanbul | C83: 11 | D83: 10.5 | E83: =DATE(2024,9,25) -> 45560 | F83: =C83*D83 -> 115.5 | G83: =ROUND(F83*0.2,2) -> 23.1 | H83: =IF(F83>500,"Yüksek",IF(F83>100,"Orta","Düşük")) -> Orta
A84: Şeker | B84: Ankara | C84: 18 | D84: 13.25 | E84: =DATE(2024,10,26) -> 45591 | F84: =C84*D84 -> 238.5 | G84: =ROUND(F84*0.2,2) -> 47.7 | H84: =IF(F84>500,"Yüksek",IF(F84>100,"Orta","Düşük")) -> Orta
A85: Ğofret | B85: İzmir | C85: 25 | D85: 16 | E85: =DATE(2024,11,27) -> 45623 | F85: =C85*D85 -> 400 | G85: =ROUND(F85*0.2,2) -> 80 | H85: =IF(F85>500,"Yüksek",IF(F85>100,"Orta","Düşük")) -> Orta
A86: Kahve | B86: Bursa | C86: 32 | D86: 18.75 | E86: =DATE(2024,12,28) -> 45654 | F86: =C86*D86 -> 600 | G86: =ROUND(F86*0.2,2) -> 120 | H86: =IF(F86>500,"Yüksek",IF(F86>100,"Orta","Düşük")) -> Yüksek
A87: Süt | B87: Çanakkale | C87: 39 | D87: 21.5 | E87: =DATE(2024,1,1) -> 45292 | F87: =C87*D87 -> 838.5 | G87: =ROUND(F87*0.2,2) -> 167.7 | H87: =IF(F87>500,"Yüksek",IF(F87>100,"Orta","Düşük")) -> Yüksek
A88: Peynir | B88: İstanbul | C88: 46 | D88: 24.25 | E88: =DATE(2024,2,2) -> 45324 | F88: =C88*D88 -> 1115.5 | G88: =ROUND(F88*0.2,2) -> 223.1 | H88: =IF(F88>500,"Yüksek",IF(F88>100,"Orta","Düşük")) -> Yüksek
A89: Zeytin | B89: Ankara | C89: 3 | D89: 27 | E89: =DATE(2024,3,3) -> 45354 | F89: =C89*D89 -> 81 | G89: =ROUND(F89*0.2,2) -> 16.2 | H89: =IF(F89>500,"Yüksek",IF(F89>100,"Orta","Düşük")) -> Düşük
A90: Ekmek | B90: İzmir | C90: 10 | D90: 29.75 | E90: =DATE(2024,4,4) -> 45386 | F90: =C90*D90 -> 297.5 | G90: =ROUND(F90*0.2,2) -> 59.5 | H90: =IF(F90>500,"Yüksek",IF(F90>100,"Orta","Düşük")) -> Orta
A91: Bal | B91: Bursa | C91: 17 | D91: 32.5 | E91: =DATE(2024,5,5) -> 45417 | F91: =C91*D91 -> 552.5 | G91: =ROUND(F91*0.2,2) -> 110.5 | H91: =IF(F91>500,"Yüksek",IF(F91>100,"Orta","Düşük")) -> Yüksek
A92: Un | B92: Çanakkale | C92: 24 | D92: 35.25 | E92: =DATE(2024,6,6) -> 45449 | F92: =C92*D92 -> 846 | G92: =ROUND(F92*0.2,2) -> 169.2 | H92: =IF(F92>500,"Yüksek",IF(F92>100,"Orta","Düşük")) -> Yüksek
A93: Çay | B93: İstanbul | C93: 31 | D93: 38 | E93: =DATE(2024,7,7) -> 45480 | F93: =C93*D93 -> 1178 | G93: =ROUND(F93*0.2,2) -> 235.6 | H93: =IF(F93>500,"Yüksek",IF(F93>100,"Orta","Düşük")) -> Yüksek
A94: Şeker | B94: Ankara | C94: 38 | D94: 5 | E94: =DATE(2024,8,8) -> 45512 | F94: =C94*D94 -> 190 | G94: =ROUND(F94*0.2,2) -> 38 | H94: =IF(F94>500,"Yüksek",IF(F94>100,"Orta","Düşük")) -> Orta
A95: Ğofret | B95: İzmir | C95: 45 | D95: 7.75 | E95: =DATE(2024,9,9) -> 45544 | F95: =C95*D95 -> 348.75 | G95: =ROUND(F95*0.2,2) -> 69.75 | H95: =IF(F95>500,"Yüksek",IF(F95>100,"Orta","Düşük")) -> Orta
A96: Kahve | B96: Bursa | C96: 2 | D96: 10.5 | E96: =DATE(2024,10,10) -> 45575 | F96: =C96*D96 -> 21 | G96: =ROUND(F96*0.2,2) -> 4.2 | H96: =IF(F96>500,"Yüksek",IF(F96>100,"Orta","Düşük")) -> Düşük
A97: Süt | B97: Çanakkale | C97: 9 | D97: 13.25 | E97: =DATE(2024,11,11) -> 45607 | F97: =C97*D97 -> 119.25 | G97: =ROUND(F97*0.2,2) -> 23.85 | H97: =IF(F97>500,"Yüksek",IF(F97>100,"Orta","Düşük")) -> Orta
A98: Peynir | B98: İstanbul | C98: 16 | D98: 16 | E98: =DATE(2024,12,12) -> 45638 | F98: =C98*D98 -> 256 | G98: =ROUND(F98*0.2,2) -> 51.2 | H98: =IF(F98>500,"Yüksek",IF(F98>100,"Orta","Düşük")) -> Orta
A99: Zeytin | B99: Ankara | C99: 23 | D99: 18.75 | E99: =DATE(2024,1,13) -> 45304 | F99: =C99*D99 -> 431.25 | G99: =ROUND(F99*0.2,2) -> 86.25 | H99: =IF(F99>500,"Yüksek",IF(F99>100,"Orta","Düşük")) -> Orta
A100: Ekmek | B100: İzmir | C100: 30 | D100: 21.5 | E100: =DATE(2024,2,14) -> 45336 | F100: =C100*D100 -> 645 | G100: =ROUND(F100*0.2,2) -> 129 | H100: =IF(F100>500,"Yüksek",IF(F100>100,"Orta","Düşük")) -> Yüksek
...

Sheet Özet
A1: Genel toplam | B1: =Satışlar!F3003 -> 1643677.5
A2: KDV dahil | B2: =B1*1.2 -> 1972413
A3: Ürün araması | B3: =VLOOKUP("Kahve",Satışlar!A3:F3002,6,0) -> 291.5
A4: INDEX/MATCH | B4: =INDEX(Satışlar!B3:B3002,MATCH("Süt",Satışlar!A3:A3002,0)) -> Çanakkale
A5: Metin | B5: =CONCATENATE("Toplam: ",TEXT(B1,"0.00")) -> Toplam: 1643677.50
A6: Büyük harf | B6: =UPPER("istanbul") -> ISTANBUL
A7: Tarih farkı | B7: =DATE(2024,12,31)-DATE(2024,1,1) -> 365
A8: SUMPRODUCT | B8: =SUMPRODUCT(Satışlar!C3:C22,Satışlar!D3:D22) -> 9779.25
A9: IFERROR | B9: =IFERROR(1/0,-1) -> -1
A10: Ortalama (adlı) | B10: =AVERAGE(Fiyatlar) -> 21.48625
A11: Yuvarla | B11: =ROUNDUP(PI()*1000,2) -> 3141.6
A12: Mantık | B12: =AND(B1>0,OR(B2<0,TRUE())) -> TRUE
A13: Ay adı | B13: =MONTH(DATE(2024,7,4)) -> 7
A14: Bölü sıfır | B14: =1/0 -> #DIV/0!
A15: Bulunamadı | B15: =VLOOKUP("Yok",Satışlar!A3:F10,2,0) -> #N/A
A16: Std sapma | B16: =STDEV(Satışlar!F3:F3002) -> 432.10599
A17: Medyan | B17: =MEDIAN(Satışlar!C3:C3002) -> 25.5
A18: Mantıksal değer | B18: =TRUE() -> TRUE

Sheet Zincir
A1: 1 | B1: =A200 -> 631.60179
A2: =A1*1.01+1 -> 2.01 | C2: 3x3 birleşik
A3: =A2*1.01+1 -> 3.0301
A4: =A3*1.01+1 -> 4.060401
A5: =A4*1.01+1 -> 5.101005
A6: =A5*1.01+1 -> 6.1520151 | C6: Dikey birleşik
A7: =A6*1.01+1 -> 7.2135352
A8: =A7*1.01+1 -> 8.2856706
A9: =A8*1.01+1 -> 9.3685273
A10: =A9*1.01+1 -> 10.462213
A11: =A10*1.01+1 -> 11.566835
A12: =A11*1.01+1 -> 12.682503
A13: =A12*1.01+1 -> 13.809328
A14: =A13*1.01+1 -> 14.947421
A15: =A14*1.01+1 -> 16.096896
A16: =A15*1.01+1 -> 17.257864
A17: =A16*1.01+1 -> 18.430443
A18: =A17*1.01+1 -> 19.614748
... A200: =A199*1.01+1 -> 631.60179

Sheet Gizli
A1: gizli sayfa verisi
